Waktu,RPM,Voltage(V),Current(A),Power(W),Energy(Wh),Temperature(C),Humidity(%)
22:23:46,2783.0,216.5,1.58,342.07,250.14,27.7,61.8
22:23:46,1987.0,232.5,1.76,409.2,250.25,26.4,55.7
22:23:46,2460.0,223.6,1.02,228.07,250.31,29.0,79.9
22:23:46,1497.0,220.1,2.2,484.22,250.45,32.5,53.6
22:23:46,1344.0,217.1,3.52,764.19,250.66,26.3,57.1
22:23:47,2919.0,215.4,4.58,986.53,250.93,31.0,50.1
22:23:48,1660.0,229.5,4.31,989.14,251.21,29.2,64.2
22:23:49,2980.0,232.8,2.87,668.14,251.39,28.3,71.4
22:23:50,1325.0,231.3,4.17,964.52,251.66,34.9,63.7
22:23:51,1716.0,231.9,2.16,500.9,251.8,26.8,65.7
22:23:52,2968.0,234.8,3.94,925.11,252.06,32.3,74.2
22:23:53,1684.0,222.8,2.23,496.84,252.2,26.7,59.5
22:23:54,2518.0,219.7,1.5,329.55,252.29,25.6,73.7
22:23:55,1309.0,230.8,2.18,503.14,252.43,27.4,63.9
22:23:56,1060.0,216.1,1.72,371.69,252.53,32.4,61.3
22:23:57,1813.0,232.2,2.92,678.02,252.72,30.1,71.6
22:23:58,2275.0,233.2,4.45,1037.74,253.01,31.8,73.1
22:23:59,2294.0,218.0,3.84,837.12,253.24,26.3,53.4
22:24:00,2970.0,216.1,2.62,566.18,253.4,26.1,71.3
22:24:01,2613.0,227.3,1.27,288.67,253.48,26.9,66.1
22:24:02,2521.0,232.1,2.37,550.08,253.63,34.2,73.5
22:24:03,2579.0,231.6,1.68,389.09,253.74,26.7,51.6
22:24:04,1812.0,234.2,4.38,1025.8,254.02,28.3,63.7
22:24:05,2356.0,222.6,3.39,754.61,254.23,34.7,71.3
22:24:06,1274.0,232.4,1.35,313.74,254.32,27.5,67.3
22:24:07,1839.0,222.4,1.29,286.9,254.4,25.9,70.3
22:24:08,1872.0,215.0,1.79,384.85,254.51,25.8,60.1
22:24:09,1357.0,223.1,1.15,256.57,254.58,32.6,77.5
22:24:10,2861.0,234.1,1.92,449.47,254.7,29.7,63.3
22:24:11,2798.0,222.7,1.33,296.19,254.78,26.7,65.2
